var,degree,OLS,Ridge,Lasso,ElasticNet
2,1,33.9148,33.9142,33.9148,33.9144
2,2,23.0429,23.0382,23.0429,23.039
2,3,9.8952,9.8951,9.8959,9.8956
2,4,3.6051,3.6051,3.6068,3.6075
2,5,1.582,1.5815,1.5838,1.5846
2,6,0.676,0.676,0.7059,0.7097
2,7,0.3541,0.3532,0.4045,0.4058
2,8,0.2848,0.2808,0.325,0.3116
2,9,0.3094,0.2773,0.3016,0.2899
2,10,0.3418,0.2694,0.2794,0.2714
2,11,0.4965,0.2692,0.2784,0.2695
2,12,1.31,0.2707,0.2798,0.2722
2,13,5.6276,0.2728,0.2804,0.2726
2,14,199.5205,0.277,0.2839,0.2765
2,15,200946791523.3146,0.2791,0.2853,0.2777
2,16,77049335181.2827,0.2838,0.2859,0.2809
2,17,3580757650515.199,0.2869,0.2865,0.2826
2,18,8641781287255.219,0.2925,0.2871,0.2841
2,19,6080214842930.697,0.2977,0.2888,0.2857
2,20,5276199788775.664,0.3045,0.2892,0.287
1,1,8.962,8.9571,8.9547,8.9558
1,2,3.0017,2.9965,2.9815,2.9852
1,3,1.0528,1.044,1.0343,1.0344
1,4,0.7018,0.6469,0.5694,0.5787
1,5,1.6893,0.5204,0.3233,0.3337
1,6,154.2369,0.5617,0.3427,0.3526
1,7,8.015,0.6292,0.3482,0.3507
