x1,x2,x3,y
-1.0,-0.2012800019834351,0.47666809347290173,-3.1914421651862916
-0.26789380878521607,0.6305420652895091,0.7885747788989323,1.184087992122047
-0.42282917998969305,-0.9626001424420045,-0.9901954702648517,-11.181246396215725
-1.0,0.2593284105397289,-0.48313173294324674,-1.4743205316316605
0.006734565069424159,1.0,0.19754050713238058,6.945818519481508
1.0,-0.9353842477044023,0.3875870549158733,-3.1708343086226916
1.0,0.9146970879998977,-0.40179041789760284,12.980994889508422
-0.7320020615520226,-0.3589542821075571,-0.19241177502010687,0.2704275932391566
-1.0,0.2743750176852031,0.11014156502747063,-4.371119417361573
-1.0,-0.6723224840001809,0.831706287636027,8.218957084553889
-0.3456761409638316,0.47961154613421675,0.06613365963563234,-0.7814505723080005
0.1028249083126509,0.4708206576614873,0.6978592510994288,0.9109571804832048
-0.0020300906181860423,0.23855457244532374,-0.07287901185487367,1.1451902365566573
-0.7803777075705736,0.46233753180413095,-0.6859094898811244,-2.0724178625519722
0.391356890594976,0.5629126864381737,-0.21337640608301522,0.0894191971650522
-0.09490911979545458,-0.546192818960926,-0.117323981320677,2.1634555509595255
0.6575063836346666,-0.5981790971599692,-0.26116868840476926,1.0631687727458266
0.07622548971670451,-1.0,0.4881674019679427,0.9264575586775634
-1.0,0.8085338756783276,1.0,12.189357685849423
-0.5696904056252368,-0.8893873756922728,0.8104456317860165,2.1988393652106106
0.9996574362628226,-0.27651231094168227,0.0773947153385004,3.7906800172713857
1.0,-0.6518450215044085,-0.11640313656346479,2.308040321691882
0.8646392312364692,0.03218300027540155,1.0,6.776246817656582
-1.0,-0.18710210083382517,-0.2225893905054821,-3.801378738846859
-0.9546380109053318,-0.14249868449497294,-0.009161897025062204,-2.7234529353013914
-0.14232027693836713,-0.4647597651162658,-0.3903368873073625,1.4553781745506644
-0.31716645894621176,-1.0,-0.17506458983708417,3.4383362821089185
0.49804975806264307,-0.7695806591923526,1.0,-4.419333515689516
0.35005622624506305,-0.8980606814534589,0.900056001810835,-3.3047536588419497
0.6879970835861005,-0.5550541658947727,0.6722910780061411,0.5435550021849073
-0.15890729966762507,1.0,-1.0,2.3022358925101134
0.7499559123434381,-0.7530100050045372,-0.15597449910562444,1.0069048305424275
-1.0,-1.0,0.23152880196695325,9.318902167048927
1.0,-0.10299330568202958,-0.9735351284278406,7.37184648364628
0.7514110669261862,0.13908005695405312,0.5706762318467213,2.635098766568914
0.4472088569217827,1.0,0.03347436832884343,7.315683693438154
-0.3652935980826819,-1.0,0.2966924807159399,2.8273481710691675
-0.7584495480845004,-1.0,-1.0,-5.428359892278805
0.6970691619707561,-1.0,1.0,-6.645266581482725
-0.16013144885730557,1.0,-1.0,3.71455387859653
-0.9764456970695699,-1.0,0.6077802666558751,13.673717662206407
1.0,-1.0,-0.13983096415490825,-8.85236525412419
-0.24874960974523086,0.16036399544964364,0.022230324368425647,-0.28188159557733616
0.9340610862632404,0.11854136061196408,-0.390778228523458,3.921063915980284
-0.28980468463334463,0.9978311689016739,0.2216419351322334,5.630914643692721
-1.0,-0.7082797643604013,-0.30940250921127044,1.179570779727999
0.5263444629220018,0.2530712203586416,0.8348305689793742,1.771461088948938
-0.388558647973384,1.0,1.0,15.000730628239241
0.38834512783923913,-1.0,0.5469259391936727,-0.1303899513601918
0.7785208830651829,0.5462467816785497,-0.921625086581334,2.188847757205252
-0.805114671356487,0.5603489538332063,0.008480742273856423,-3.40901851919869
0.02428219443694979,0.7181882734256773,-1.0,-3.4743039601221133
-0.7596080415696804,0.28636587170571737,-0.4916739806122117,-1.8153936008649583
0.23880482618789967,-1.0,0.2633162956336126,1.5371227648590138
-0.12489466552333317,0.8167962803860811,0.4259478074505012,2.0539769656604414
-0.8002911203673673,-0.8434251674560773,-1.0,-0.9464149220096936
-0.3411160181496531,1.0,-0.11384526128598349,6.824034650340046
-0.18886261037440377,-0.5254865920639562,-0.46934030062144094,1.0816645084584025
0.08963298604888315,0.5378038308887358,-1.0,-3.502307503037217
0.13822782929280764,0.26501725690592415,0.03519932186607955,1.0168656295985148
-1.0,-0.2969889535955661,0.11802091666974945,-2.932252503943476
0.6087378808156727,-0.5024016649232941,0.20719786111470917,0.30845575506974987
0.9281130877167252,-0.5096636906582286,-0.9961465594451937,-2.187313656327759
0.3398733871651951,1.0,0.6696316284018284,8.336589271470325
1.0,-0.13137895366918872,-0.01630779183029185,5.007634277707213
-0.09532421471440267,1.0,0.5913723963208559,9.376839656355921
-0.4784003081926784,-1.0,-0.10743267135761547,3.70796983102086
-0.10085981233108243,0.6953852298946661,-0.6980517489762215,0.19915065417573646
-0.7224463338873031,0.7752943644018544,0.14993058598781972,-2.1584095015208526
-0.5277399247913692,-1.0,-1.0,-11.024771980864568
1.0,-0.489288252785379,1.0,5.136858154119683
-0.9696395086137568,1.0,-0.7236693035435904,11.048037904093775
-0.6331840964678408,1.0,-0.026101701642013087,5.052992291630684
-1.0,-0.5831817862480577,0.9041841036084353,7.542717480850091
1.0,-0.3467259505071718,-0.12148290624655633,4.77397649099026
-0.8121247162867571,-0.11933904266467454,0.6506618759943452,-0.990026665510985
-1.0,-0.3868309823320297,-0.8712688360671099,2.9709379213142015
-0.14347230836971825,0.2575887900896354,-0.7757631124119206,-0.1585246481489646
0.38982779863710704,-0.28157903499544834,-0.0946558310393808,0.827484745529327
0.0306168862288545,-0.5852636303202456,-1.0,-7.318952822329587
0.31870736317547244,-1.0,0.8052318824714619,-2.5489373237129898
-0.6416544954938719,-0.5241532893910217,-0.0076753977522137085,1.2846988027146433
-0.009386707838874075,1.0,1.0,12.141533316677723
1.0,-1.0,-0.028946706430605484,-8.172327987543417
0.5753767344525005,-0.681168544505047,-1.0,-9.292807286266417
0.13377859475801301,-0.6285337596068152,-0.7287199526832828,-0.09529639125753697
-0.33825821530163647,-0.815639413168987,-0.5429302857181955,0.39804136861036
1.0,-1.0,-0.7421094490791458,-15.009661298903103
0.14265403750196426,-0.8138972857061522,-0.9397601634503843,-7.110866857806965
0.9570306576875829,0.03519668155028799,-0.05347757664027353,4.743742080387972
0.6734939636486488,-0.948206600672163,-0.5201286383220998,-2.156852747170067
-0.19286185707597925,-1.0,-0.13361787741664077,2.9832112084833775
1.0,-1.0,0.8026073589224774,-6.251710649840738
-0.9286850879336856,0.18586476318412326,-0.7810427026736728,3.093126537498654
-0.5572783567962734,1.0,-1.0,1.1429297055418215
-0.6788432799204309,-0.9378309719168128,0.11463679816184302,4.146148506768322
1.0,0.4474486297244371,-0.8451221392204333,9.10699286468432
-0.5741211304432017,-0.5907850883977415,0.2441186943999738,1.0040196809582385
-0.2837936735874793,-0.15713085615450728,-0.5763228324571184,1.2116748191221824
-0.28289811322491,1.0,-0.2739051317712524,8.030293602433698
-0.5938555769906204,0.08480357222577495,0.20717342013347628,-1.5006602655418897
-0.23179215513928564,-1.0,-1.0,-14.845453498550443
1.0,-0.1499034553809897,0.9571688913075969,9.688357167126455
-0.582645959032958,-0.9434125772733508,-0.8384614987791228,-3.1779064120743996
0.844885655538157,-0.12163376178824792,0.5748275921065338,3.8980009814014536
-0.15097159035872898,-0.23325129492761998,0.546505779984906,0.09715545808807209
0.1862139917022123,-0.26480297920741935,-0.17562261431877912,0.8536431035593635
-0.6278643431677648,-1.0,0.9745304143723765,0.6171822278447324
-1.0,-1.0,-1.0,2.9115393417235085
0.8161309738883551,-0.2993302727670857,0.19774181634740606,1.6374491947212246
-1.0,1.0,-1.0,21.191248423427343
-1.0,-0.4738978296944527,0.5832856667580641,0.6254283504908758
-1.0,0.9122557661630801,0.23932892825236673,1.851481854528565
1.0,0.38533004790773573,-1.0,11.09288048225728
-0.7759509175180836,-0.3701631760744901,-0.9278356462547976,2.520717632354
-1.0,0.5729934732198216,-1.0,18.56301054559616
-1.0,-0.418618113137851,-0.56773876168252,-1.2252097768041457
-0.7765437438266611,-0.529844729390919,-1.0,1.7062794668013035
-0.35466017222678414,0.2563907424926686,-0.8316832373442822,-0.6020686232749423
-1.0,0.04212641389111815,0.006777398841754767,-4.130679780326457
0.8303802545472776,-1.0,-0.7762267531010023,-13.81235723632491
-0.0521539014821959,-0.768514285234148,1.0,-3.713183605852614
0.6386247800433666,0.5649622586154792,1.0,6.537699913883591
-0.5449875489663047,-1.0,-1.0,-10.471959613347698
-0.6417163111756343,0.41281331477882666,0.21408861849969396,-2.533958645514989
-0.5681754150638123,-0.27867562161965465,-0.022349414446718896,0.682317019770965
-0.9888281239519068,-0.7400077285044155,0.8313880712852235,9.68713373015791
-1.0,0.6305681184318439,0.25096848705889063,-3.381158152671817
-0.6102453823302447,1.0,1.0,15.87068459462129
0.10657076722436476,1.0,0.9772434933592979,12.638705834397134
0.1229778220853468,-0.33092303671471934,-0.40340022492317695,-0.07944361452037163
1.0,0.5116450484325976,1.0,22.754896612178996
-1.0,0.19302968878011684,-0.5274789305593226,-1.3264857393466005
0.4751724913268851,1.0,0.34870973700866115,6.328995974230105
0.14876691878314796,0.39551621725235786,-0.30771491376121607,0.3822810489414077
0.7869372016225586,0.0639414531450031,0.6919298354398988,3.607996278436241
-0.007865583866892845,-0.8439792511026403,0.5170977794330436,0.7199620997285733
1.0,0.12676178943682426,1.0,14.230616772991695
-0.3401325750898101,0.8184861903815908,0.4902625881284879,1.8140660073120471
0.2685341740951148,-1.0,0.1739972303809938,1.3058992799176503
0.22454615319621074,1.0,0.7591265047422882,8.464259513522135
1.0,-0.8042020530053655,0.9580789755404615,-0.9724679497460796
-0.7599696604229547,-0.11398703025789914,1.0,2.7459027264031546
-1.0,0.5507391038634017,1.0,4.781893810391991
0.18308203387968525,-1.0,1.0,-7.365681400496972
-0.6220614706289092,-0.3095331141132267,-0.31769841760736206,-0.3014185689927537
0.8187928964192881,0.06329311850201913,1.0,5.304100568216894
-1.0,0.3089284575610476,0.42524208904843674,-5.304022852021198
1.0,0.20503448734874863,0.8724383874592185,11.894973749264532
0.34827775636440395,-0.262563152503386,0.5193069834276247,0.995825407342767
-0.5634780529654462,-0.28517513393214733,-0.6957448935208024,1.443941480099126
-0.5013992296893055,1.0,0.17610810407295263,4.777127509672655
-0.07757064398573821,0.2875352787802825,0.9956628719999239,1.5118268798214543
0.7754161856704695,-0.5548188235797702,-0.5501342923741603,0.7690122229160055
0.06480076995330686,0.2015632783001582,-1.0,-3.01070425857451
-0.03299226447149661,-0.273423390572342,-0.8700269123463602,-1.0073878922557118
0.4383387128959795,-0.001952200319024211,-1.0,-2.8757351430364153
-0.7431964816620151,1.0,1.0,15.65649564630407
-0.6704606683296006,-0.45856224382797994,-0.2603593976430387,0.6324454985649633
0.6153375325938311,-1.0,-1.0,-23.998413376760542
-0.32503790424214163,-0.583171105523945,-0.8909668166424436,-2.0081568658147693
0.4656225272570125,0.5600049945329972,-0.08364148095504076,0.1713887469257238
0.009670445213621592,0.9755801318720256,0.01847431261697241,6.74505209419912
-0.6671763938124506,-0.053688736006771265,-0.45788609152267945,-1.2690161502950479
0.9000494331792885,-0.1419375911525591,-0.637244976078968,3.339382221786636
-0.0644965447884025,0.4537909004844396,0.2148021722948048,0.21538824842407836
-0.22820650349443783,-0.2565722726967765,-0.3894863428287445,0.7135741316597182
1.0,-0.81903226955812,-0.624151119614089,0.12626077756461895
0.12266296793029663,-1.0,1.0,-7.311097353710462
-0.5859376427457497,-0.2750980276939221,-0.6877879200250616,0.8242002458531187
1.0,0.5512297517709404,-0.365678379171926,5.7331029786719725
0.5240032237421357,-0.9281265592037491,-1.0,-16.68875004045248
-0.25547323047228465,-0.15863466041856267,0.6047044734641598,-1.1774703497568915
0.8992407978136234,-0.2950795117178946,0.4171416782664419,4.614733972837852
-0.40301517720304125,1.0,0.23378727496575924,6.627347613142188
-0.5474672146887807,0.10809243396192958,0.9876444343834767,1.6442608361855173
-0.9551260853764862,1.0,0.2011001864009332,3.851801152416469
-1.0,-0.903451142937213,1.0,19.90349712756047
1.0,1.0,1.0,26.185779978866602
0.5133616083771602,-0.2838298892738591,-1.0,-5.043228515625568
0.05215223902889621,-0.5311132228904278,1.0,-1.4053531590319328
1.0,0.6543003004406691,1.0,24.67302849684671
1.0,-0.5255159577838684,-0.6046437534370392,5.722716789146267
-0.11514366955690525,1.0,-0.612547242949278,8.73830505176194
0.9198148988190258,0.3090504705127137,1.0,12.581381903207072
-0.03965774651200804,-1.0,-1.0,-16.265004732451267
1.0,1.0,0.9003960718972281,22.361213288328308
0.29997968327035585,-0.2110743894802669,0.44175605438609145,-0.1627193637095734
-0.0796834932408943,0.40464566133063506,-0.3705199338434899,0.48224549062723565
0.4931419819439913,-0.3141256275602524,-0.36165501826861335,0.7121702116114079
0.06504530364485817,-0.09811107110280637,-1.0,-3.445607224563316
-1.0,-1.0,1.0,22.169322001918317
1.0,-1.0,1.0,-9.928883268473518
-0.5446846002934382,-0.4819470761844271,0.9392584723188486,0.7570562537210743
0.5065468329761129,1.0,1.0,9.032583044303113
1.0,0.517530182236801,-1.0,12.982595082038166
-0.3702612705641204,0.03018750408786297,-1.0,-2.26350028205097
-0.15537054080222412,0.09986034755337925,-0.05403161579645821,-0.15689154911868244
0.6083103590810133,-0.5151260133871953,0.22074971356898554,1.0106936317056592
0.37286875670959896,-0.25264221662038855,-0.3818019160201107,1.8535701959985396
-0.5535418777628407,0.5315147567122838,0.9676208699398512,2.8574762446715294
1.0,-0.09931878152711526,1.0,10.104248376132299
-1.0,-0.2905615328887772,1.0,4.925182602975783
-0.25344795123669006,0.7418165926503264,1.0,7.235024025956768
-0.5552810396913008,0.60299116752515,0.7659722096256316,0.4620557830068711
-0.18637670878119028,-0.5538345010143104,-0.1509738488169461,2.2146985381237445
-0.5955187195208811,0.49649475052848935,0.1317444001541448,-1.8474709808953327
1.0,-0.5727881608118595,0.35978969426925733,3.458867375354564
1.0,-0.5363307034218765,-0.9883338653017144,1.5743437441262687
1.0,1.0,-0.6623448846238249,24.05764730849455
1.0,-0.48916775494279396,-1.0,1.8265147389599226
-0.6612142205105911,0.4166770284118917,0.1173260349550691,-2.98217106163956
0.36862143366353717,1.0,0.08017478129278821,6.763509003470051
-1.0,-1.0,0.3844825436606416,10.673184831500008
-0.24813557899656646,-0.07209527103629965,0.23972703073684865,0.07237377777337661
0.44568144341538285,0.8892005587523968,1.0,8.216125156955053
0.11551256884537531,-0.21550848694182245,-0.9979449325264957,-4.298781887129858
-0.6604375736271313,-0.8746884542103921,1.0,2.3498775406763026
0.3116222126721817,-0.5717652827402653,-0.9766935031766169,-6.0721876780874915
0.5117746061271073,0.7769245134527127,-0.5071312987490237,3.1055923111899975
1.0,-0.9396036467547637,0.12449704782321058,-3.32124741739244
-0.408448144166621,0.009134819667014016,0.20882615267041205,0.28140503483823687
-1.0,1.0,0.0111356860824392,7.872036540318141
-0.03392650939550701,0.1610283149219498,0.1398654150863179,-0.34439566229476215
-0.5772757142057727,-0.7721954477155899,-0.1890308980178519,2.7403335920255376
0.11563733780582419,1.0,0.6018799435101994,8.503620739487733
-0.4498872544447703,0.748643368820259,-0.5772711287694516,-0.7425595775357674
0.14630318887729188,-0.14231044108129987,0.7902994783443376,0.19933212824689187
-0.07758802418837862,1.0,0.061647110215660605,7.550667112126914
1.0,-0.26795775439673575,-0.8183603339291301,7.293805254191446
-0.0963833417174973,-0.10333748088187744,1.0,0.7902162374726218
0.41474322878802594,-0.9822323499365424,-0.9106426370254528,-13.155227329368548
-0.004872604928740865,0.783929934648782,-0.5650058714400725,1.995457457656855
-0.0966896533453061,-0.32894730935681116,1.0,-0.8478974348634463
-0.3472736967262442,0.4526391723385099,0.6101046466598281,-0.5248872622488097
-0.4062723813520841,0.2377840820089685,0.5698321767178425,-0.598310332942104
0.08526056989241737,-0.1568281947398833,-0.18128969099379444,0.7158393256173775
-1.0,-0.0873591458621461,-0.11988043422011696,-3.2499428420570506
-0.014408861031128373,-0.8586582530791786,-0.2546250859427823,2.347882208002608
-1.0,-0.2607882225025453,-0.11608429807082898,-2.917334293014779
1.0,-0.015886208441476812,-0.9547747163862104,7.99477813641856
-1.0,-0.3513398919971096,1.0,7.166236543585688
0.5194558659731434,-0.7576925513190653,0.6497787451563097,-0.4184614131431128
0.1598980266689234,0.334370014194167,0.5419638546220893,1.010733739953439
-0.17676764891251628,1.0,0.4188448558830462,7.260186022930244
-1.0,-0.8872971611358522,-0.5856150762962313,3.9232476415991226
-0.04304571743113783,0.022098292450886348,0.08901966692133056,0.4263180786110883
-0.25224442792698665,-0.0024858551956130626,0.5751688558661605,-0.8583590985094943
-0.06614587882827339,1.0,-0.28618384406258834,8.19277143795859
0.13582876551538403,1.0,-0.5883447141797662,10.73664092087322
0.21761077173952104,-0.5127380129021526,-1.0,-6.370522765060216
0.31425430406481025,-0.07984790452180879,0.351386734334737,0.39694268846708547
-0.01918799441989294,-1.0,-0.3063451973172684,1.6178338464117852
0.956352762438655,0.5273481652367449,0.7591264013568,11.492795717081108
0.15460037959462358,0.4144702608337707,-0.7204303544057222,0.15707214605434028
-1.0,1.0,-0.1436699660900509,8.953298230011061
0.3299558043132371,-0.40841684842340764,-0.9672032593822253,-3.8080870784947
-1.0,0.3271815219313774,-0.3843630615309852,-2.08935005054126
0.5111208119758672,0.527867049876402,1.0,4.708754235665383
0.5153547474047413,0.3436112854399689,0.007252694769665613,1.4369613182265668
1.0,-0.09150816759795077,0.2507317441258754,5.238519284002
0.15095735419044498,-1.0,1.0,-7.314796061977888
-0.21630955953614817,0.47436164276498327,-0.32222320847980135,-0.41890086997048004
-0.3292452028773336,0.07273423146154756,-0.07095921067291688,-0.6013632252522881
0.9042491500976639,0.80792436393305,0.7158572409320583,11.154338189493581
0.6858882136547662,-1.0,1.0,-6.988363496999031
-1.0,-0.11926928204166032,0.5110016951928644,-3.2950920671877473
-0.4083866875849751,0.4101065605415224,-1.0,-2.6283046830828756
0.24810670559384107,-0.28249485995585544,-0.5182294676803809,1.1188138681139208
-0.8588786487804745,0.9958169712530163,0.553361887332497,1.0982531376882874
0.9559709888254426,0.10746755913635209,0.4610697311830312,5.6795620822226915
-0.9178105335795959,-0.7137870846619296,0.9729360993585909,8.546572363591139
-0.5583832196821796,0.5266465257745938,-0.5265043417632018,-0.8335827639628227
0.8860351317246298,-0.16390928309896013,-1.0,1.4995479638028337
0.017191583867628646,-1.0,1.0,-7.2861297646861605
-0.7496860570714394,0.7507394612615024,-0.050916377731211604,-1.2360930758302922
-0.8905623711501549,-0.07327928516514959,-0.18473522217991922,-2.187450985550706
1.0,1.0,0.43435797709581037,13.323950936266323
0.42749150736406216,1.0,0.08479257831932885,7.5422018576980046
-0.5282439625643067,-0.8757837798321382,0.9487035613005046,0.24723613178832365
-0.9561194681629481,-1.0,-0.019023611323871314,7.09627543646519
-0.05778596148788817,0.7211872969158226,0.6976108993004142,2.57620884501462
1.0,-0.44610399231387365,-0.4290772719768645,4.811476287795338
0.8546249013325782,0.6979764299144555,0.41891986539469994,4.827620027990798
-0.09952788487191877,1.0,-0.9226160912489818,5.757720565996929
-1.0,-0.11849087038549166,-0.14930501579787836,-3.9510097972711087
1.0,-0.11935753063079169,0.09776113733775427,4.745507717958768
-0.030357588696620752,-0.8810609031292516,-0.07170981089339379,2.4057768092712917
-1.0,0.10408491476180415,0.8107128490289395,-2.853709080159564
-1.0,-0.15808998233516625,-0.5931565396710974,-2.00055917011134
0.9108573948588372,1.0,0.24871395465305146,9.990185522580363
0.4240774611133509,-1.0,0.020022337327217254,0.2550261459445155
0.044663184058825633,-0.7733951591308745,-1.0,-9.770848012872916
-0.034349012091619446,-0.7430600649254635,-0.8774266565844753,-4.661720742735481
0.7500706929022958,0.7915955119158862,0.2921402513105229,3.328931170945501
-0.08764963835833428,-0.20651153877510287,-1.0,-3.8878835737052273
0.5536363773058062,0.17533622041054175,-1.0,-2.0099561708707436
0.057595971409216906,0.055588762182302354,-1.0,-2.90480665249346
-1.0,0.7345085587696341,1.0,9.776275647892561
0.1878964618052157,0.9491942782996166,-0.08463863136554961,6.026996390407055
1.0,0.054136663773686644,-1.0,8.644653413399013
-0.17886942825601082,0.7263926701760199,-1.0,-4.363247086014327
-0.23545761503472318,-0.8352648097024771,-0.9995296414756463,-10.468381910330644
1.0,-0.5920760593208978,0.1718289379343252,2.503284903601711
0.6937444893228488,-0.2837470568607432,0.2967885793576823,1.2418428250484492
-1.0,-0.6395223321191876,0.18065620106303393,0.29397826946386185
0.04748098696055192,-0.17164322719209313,0.6078012614945272,0.10551071069667511
-0.5654207938285039,1.0,0.6094330535204191,6.363026876760294
0.7679631555964435,0.6916901839667653,-1.0,1.1424292907812794
0.3557896846002373,0.01485442833983086,-0.004748220566956007,1.6390762030047354
-0.6009374983710543,-0.8958337685559827,-1.0,-6.50693570019818
1.0,-0.005109112785482095,-1.0,8.367287186185452
0.11634080546428605,-1.0,-0.2317552024967413,1.3615014548307014
-1.0,0.696777755410577,-1.0,19.19896761046249
0.6579525913937494,0.35052037299177163,0.7094021335536222,2.1373103576835915
1.0,-1.0,0.16067642353461453,-7.929410715018114
-1.0,1.0,0.14701929093683108,5.941223675338595
0.3626119957131253,1.0,0.3618800413392347,8.433160273541644
0.9772261914131102,-0.5864054352916153,-1.0,-1.5940836705546062
0.21864486362021096,-0.23023737076093687,0.5249155019987828,0.37067713452331436
-0.8337043905488006,0.00516343225281779,0.15006767039410107,-2.876823339599433
-0.13195356954161586,-0.6427283688497174,-0.588713640839218,0.8573655351234706
-0.5769666267092424,1.0,-0.6045686175959359,4.337843037928362
0.7688673829730217,0.4207703877161517,0.790922523213121,4.788676784135152
-0.5111687422814917,-1.0,-0.03690995763183502,4.501361873949864
-1.0,-1.0,0.3964789416707968,10.24963174102558
-0.6105107681744817,1.0,-1.0,-0.04308251813633629
-1.0,0.7140140345085901,0.2316816282959855,-2.1075026415306257
-0.37351111283252414,1.0,0.42000061589487503,7.255025353108497
-1.0,-0.39613309650261397,-0.5129766511610254,-0.9536751216621596
0.9282802928625866,1.0,1.0,20.870117696074622
0.2731901627080462,-0.17796198150893572,0.06590322593031339,1.5915584774867613
-0.7796121728578036,0.7761774754970869,0.7121594954837389,-0.48216892171370374
0.5585236469259391,-1.0,0.369789795243459,-1.4342027755871052
0.26570255161145107,-1.0,-0.18284555625517873,1.831755530626031
-0.2993224471239837,1.0,1.0,15.13235979963165
1.0,0.7082540566572921,0.192855771164401,8.170480727023035
-0.3903645599730132,0.9700724377273859,1.0,15.06817053536729
-0.3257674463614302,1.0,1.0,14.793804792075322
0.38180608935330795,1.0,-1.0,5.734123220771666
-0.755422956305829,0.05030889038649056,-0.46838020316647366,-0.3488859792625704
0.7945903640568535,1.0,-1.0,16.280472959082562
0.7869033842096818,-0.06089728714507059,0.5215040599116132,3.0282084190502383
0.4502221236158066,-0.6025967207017833,-0.3370042068878665,1.8959892825055373
-1.0,0.28831578794996404,-0.06280973368682607,-4.444235272219032
1.0,-0.16017915670666727,1.0,9.739712935658758
-0.6150045608452761,-0.4162424627367647,0.19846071792726439,0.48196940609765604
0.48049478913502774,0.27961287354864006,-0.2462080168136973,1.63862166867801
-0.34008520654211116,0.7769775632596891,-0.6708984221607417,0.1559703778009584
-0.22148027235920753,0.24993390589500675,-0.33773716093978945,-0.5979075725366743
1.0,-1.0,0.25797654361912525,-7.255036739102703
0.48554200015888793,-0.1115690352775931,0.6726201952217596,1.1194934241461973
1.0,0.026283691557872357,-1.0,9.044808424338814
0.24922875431975622,0.10494216447330529,1.0,-0.0354267101914664
-1.0,0.2282346295771931,0.17092116723285478,-4.296472741332626
-1.0,0.25988419959340314,0.5678536248586223,-4.639581416397743
1.0,-0.3224023365688309,1.0,7.236220541216573
0.3811985175344925,-1.0,-0.20281794224430882,0.7782330961113921
1.0,-0.8156069521135119,-0.8665268640550148,-2.092749868705714
0.01655498712434955,1.0,-0.3763259061686475,8.980726401646224
-0.855267845636126,1.0,-0.86763146314687,5.522396166266933
-0.06585426430767694,-1.0,0.6218526879104058,-0.42887459054813837
-1.0,-0.5146142510723333,-1.0,5.957940107134991
1.0,0.7325032336495427,0.5201817223599772,11.513864852803893
-1.0,0.6757638228418739,-0.014017762758974817,-0.9738085161135969
-0.01853832028961988,0.3047207937277485,-0.5379766221880622,0.48402470081682586
0.17724876908388176,0.44853684783716874,0.912851790281102,0.8316234772518846
0.7609371918397847,1.0,1.0,13.352285390406413
-0.17378726268294753,-0.7615362609624672,-0.8248691615159949,-2.393011662468266
0.35423199364051094,0.3462113466474399,-0.8142084060033523,0.6777790533159014
0.11375551427831776,-0.46342230741130486,-1.0,-5.491429292734667
-0.05760311170158805,-0.3334104165431422,0.1927811452421393,0.12914703158094554
-0.13896587706939978,0.6076170655019908,-0.6109568538755867,-0.4624442303016787
-0.006759866273376547,-1.0,-0.48554837426482855,0.039682184172481844
1.0,0.16995231881485173,-0.8488629372550747,8.365095534040003
1.0,-0.6626192068325423,-0.005973995869124726,2.3808122809190473
-0.31301051279290726,-1.0,-0.5141388107192211,0.9444962218641516
0.8584519866276679,0.9320334674337571,-1.0,13.887076102325137
1.0,0.417652078168564,-0.9928911753853682,12.079751330578516
0.5117097003750313,0.6093981809509741,1.0,5.205174724356833
-1.0,1.0,-0.37147577852467384,11.839423634433471
-0.6943183984155192,-1.0,-0.9419429670080328,-5.520945064512198
-0.2550280918842067,0.9089700454557048,-0.006346769635088956,3.547487400541244
1.0,0.2559681597012904,0.4876432904918395,8.237852901907981
0.8787753346016589,1.0,0.10110113739642324,9.839915068950734
-1.0,-0.22906861476160034,0.3220816744739283,-3.22537609560277
1.0,0.16685823509363584,1.0,15.67347464506729
-1.0,1.0,1.0,17.923662392655185
-0.4539894052169742,-0.2886477166534531,0.3870226897771243,0.3125374183444891
1.0,1.0,0.2988766380590333,14.194148054431444
-0.6952193467142975,0.4775635811918453,-0.5540707832935952,-0.8304075372286082
-1.0,0.45363550966347543,-0.11888103089241708,-3.662491667134417
-0.20031840436665993,0.4348966397160574,0.3264198357327983,-0.13357075360245477
1.0,-1.0,-1.0,-30.00359517664036
-0.41273782118075597,-0.24270996538390088,0.7320270602077985,0.21228277496993125
1.0,-1.0,0.3219739773170738,-7.8902873511481095
0.03343281071501081,0.26292798931248385,-1.0,-3.34101670388193
-0.5175747809512239,-0.36965419943825384,0.5176476103460337,0.16674981786010987
-0.22636696458077266,0.5202246617267952,-0.3828534835687867,-0.7251479240656118
0.6407287170573415,-0.006611754573024875,-0.7302315020974754,1.0871639342676134
0.24792718202129627,-0.5750648193774712,0.9027247451056764,-0.7624210910004702
0.5069392392002918,-0.6511202374956897,0.330926706513049,0.7553488603431189
-1.0,0.49712549032899633,-1.0,16.7607694457484
0.43473525045176964,-0.7892712700573989,-1.0,-11.162635850426012
-0.8173939457854231,-1.0,-0.5647510618918814,3.74297791967567
-0.6273875652555667,0.053365100372669616,0.12374708781856048,-1.1763127683940338
1.0,-0.1294547297659685,-0.836257514246302,8.00075911656292
0.6753884061067779,-0.5359985475651725,1.0,-2.6067016755534196
-0.43754354719940936,0.1847397619822777,-0.9108709308157967,-0.7823240737301511
1.0,-0.20451399085754352,0.9966532696751091,8.797549870472995
1.0,0.6809955433889467,-0.11052134035173888,7.015905550553304
-1.0,0.1399202596018212,0.34550254839619066,-4.984261871482439
0.50590455251735,-1.0,-0.5054380118839055,-2.4126466581952513
-0.41269642497453707,-0.7494806789328285,0.42700796021133947,0.4808517606837355
-1.0,1.0,-1.0,21.15739872212258
0.34163812946675876,-1.0,-0.3643857175273648,0.18582957138982498
1.0,-0.011665121656073696,-0.17650124152304092,5.363900817988822
0.28984157713990166,0.2719111344897456,-0.12136170656215306,1.0921005546061708
-0.4264126918997291,1.0,-1.0,1.4017799360165042
0.8844261807424352,0.6814728157187868,-0.6902465306913119,3.8424318806013833
0.1265267146517295,0.7162111805297631,0.3676162597239181,2.0460459578504957
-1.0,0.09990327331911875,0.551583804273692,-3.349966034849078
0.2395686983316574,0.4475874116427234,-0.15708403684917704,0.26671563643669627
0.513317953692102,-0.126686811273113,0.14764982029459817,1.6539853889331366
-1.0,0.06887025796187185,1.0,3.598107048927281
0.8857849746414035,-1.0,-0.4598725112433415,-7.641940130671438
1.0,0.9607431475897197,0.7923592662732546,19.017688289174977
-0.4248860725781207,0.07281287653230506,-0.031105652817602136,-0.6802929943009326
-0.23487431453274343,-0.9708519155510775,-0.8037174648775669,-5.0793704175301775
-0.24485381492275105,1.0,0.1956184178828595,6.610519957096635
0.6549521083375529,1.0,0.4644270439639899,6.583691363058836
0.8338215174046462,0.06479292744733645,0.0026961069182165343,2.747786271739217
0.5461737519468688,0.4270457245513566,-1.0,-1.8983521701025488
-0.9692421075314122,1.0,-1.0,17.28771553056753
-0.7911872848346102,0.6943184445556945,1.0,7.010904157284943
-0.43778660381087753,-1.0,0.10951237969607286,3.1647363589979656
-0.5963503014385116,-1.0,0.679401216226208,3.340701121478492
-1.0,-0.20762464115183188,-1.0,8.632071073845378
1.0,1.0,-0.1331788325518548,14.714148449695161
0.27697348418806245,-1.0,0.5085289815490968,0.5649866394716156
0.40076599575888694,-0.32686119854912676,1.0,-2.567243466929715
0.414584769996744,0.798983155526306,-0.4818829216090539,2.090064729549298
-0.09348467966406138,0.7349421163275021,-0.31662382878379014,1.1339289711219862
0.08442534291752013,-0.9723735878490221,0.4368347444526961,0.918716078981407
-0.7662124577895906,0.7720947786637857,0.6712752092531566,-0.9083264949623445
-0.423956352197032,-0.6471499232131199,-0.5889263591102112,0.7443177108510385
1.0,-0.29206480901576914,-0.3279277219370176,4.414327685588963
0.8764658324129861,-1.0,-1.0,-27.788681350627357
1.0,0.23376268021520796,0.323932698934579,6.467029735119331
0.7001763729853492,-0.7642536482577851,-0.21524629862507805,1.4610319587475962
0.42453880632065233,0.4966950699656274,0.36462228789077566,1.4901771590678212
-0.49966266879627463,0.8747375497214522,0.77275132006198,4.583679264100279
0.0389383715922651,-1.0,0.2629332527616943,1.9814908271209126
0.055110975795440886,-1.0,0.3501812033725682,1.8138981510494903
0.8624119359983837,0.6300812000065472,1.0,15.053745102259922
-1.0,1.0,1.0,17.359911807507906
-0.33112912435025477,-0.6785693936153945,-0.5654998903183901,0.6900685507085569
1.0,-0.24278127379951386,0.7333909023482048,6.955875033357042
-1.0,-0.78268558348694,0.594019579089422,7.70049524540947
-0.5991818711630446,0.5438634534010822,-0.853121134484172,-1.3946921575791231
0.5211860012100054,0.4189262814935084,0.3346396761285986,1.61528314268132
0.35746114956783415,-0.8948938948340164,-0.7683316670753362,-3.6747363256159074
-0.8816625745317719,0.16092894766344945,0.1353433540450657,-3.3820342425294014
0.501434708880887,1.0,0.5678793512626266,7.56558337257375
0.7549096996980207,-0.8390550661735727,0.1428553698539079,0.16407686783312797
-0.7200828019995336,0.9297709870823634,0.06012106444849885,1.8938032330144117
-0.3743211691461974,-1.0,0.10541048768306549,3.814540713045988
-0.5025237145526995,-0.0014592559511761305,0.7189470435692682,0.09244607983441055
-0.17471411272738657,-1.0,-0.07987371016585376,2.5944138839437594
0.2202829621271727,-0.011863985611017203,0.658135037416806,0.6577663571528131
1.0,0.9266403479779926,-0.5966015839977528,15.637562180092429
0.10416219221382272,0.8811827615449503,-1.0,-0.8460948210470542
-0.8966737145620776,-1.0,0.3451096514190648,9.166325032317499
-1.0,-0.3336933244816924,0.9677327835233716,4.735911451457457
0.818754403604506,-0.15695757235963748,0.5867446694661922,2.7651748751536673
-0.48550526858547216,0.19061191560545576,1.0,2.61621501110135
-1.0,-0.9328799400254182,0.12093879661449702,7.173546981511045
-1.0,0.5805826895161603,0.5099215914454669,-4.470765901754768
0.8894745405158677,-0.6733614197656137,1.0,-1.8525067961582227
-1.0,-0.5114059659752364,0.5224259735013548,0.1591707008607548
-1.0,-0.9181345704650674,-0.02755965435999741,6.697654555148657
-0.08387005344611764,-0.16411519092681837,1.0,0.14525049296727705
0.018051764764781764,0.4646318649293919,-0.32174636084199304,-0.06229583100020103
-0.4409685274417001,0.2884845414592452,-0.7642519611339704,-1.036176663446177
-0.37091622223616305,-0.43503778506520563,0.6340830711742578,1.0455690013737793
0.05418350985031273,0.11772330775006568,0.38589364300418794,1.0149811563740467
-0.7764342930225943,0.8232086989154523,-0.11174754995447778,-1.0694373278511609
-0.4403888055754004,-1.0,-1.0,-12.979443717399601
0.7425601381683629,-0.3818640593375844,-0.45228477600083705,1.0402948600754298
0.8000385055339354,0.14136195817457442,1.0,5.917096428755582
-1.0,0.19185495776479033,0.5250990161475022,-4.2613841282030185
-0.4448247249837789,1.0,-0.7272387164992091,5.391121553644529
-0.1997679449685188,-0.5832337083380024,-0.6554962741947006,0.7681700811186374
1.0,0.19807023986559869,0.7395006156225452,9.566134983293335
0.009161699088953146,0.5664899163079544,-0.4221442988014894,0.29420711420429435
-0.9609986838097253,0.5294272279921217,-0.712106741911015,3.4107337164024374
0.6127684363314236,-1.0,1.0,-7.118526176991699
-0.5477774775247273,0.5047377949641656,0.6308601697068255,-0.9908102473704291
-0.6861043489257348,1.0,0.2945754342043061,4.324672594581553
0.6566804581959631,-1.0,0.15054039286424326,-1.4013200862163224
-0.5129629685921084,1.0,-0.018910420331537114,5.59370316568115
0.6563365644797778,1.0,-0.7422139054437968,12.415919501614646
-0.2497520958189141,-0.12406995545032484,0.22923637728526547,0.681722158119549
-1.0,-0.2067822630049314,-0.12255781251169973,-4.342400348930833
-1.0,0.8114477717347282,0.22878429281525703,-0.5723873647855464
0.3941591235482871,0.6472729164361612,0.009524011366023322,1.067769118271526
0.12341926211090026,-0.553518911420964,0.537353729149332,0.423229394187135
-0.03138539149697461,-1.0,-0.3716445690885515,1.8726029523599739
-0.2333816025163531,-0.6625077807230859,1.0,-1.8479002126242456
-1.0,-0.07383897607013279,0.41664504526211665,-3.7814521355583115
-0.2689189112177963,1.0,-1.0,2.2206559940358166
-0.5518430960131298,0.11793922404055146,-0.398604744851514,0.23756226833592653
-0.4096282412726411,-0.1450641038632594,-1.0,-1.695905815993619
-0.3419220801991394,0.29639335603224803,-1.0,-3.266414033564406
1.0,0.2346455737946902,0.18783716077835377,6.6429145700336765
-0.6586816112495928,-0.9613238011532315,-1.0,-6.124441997817583
-1.0,1.0,-0.9503197757402813,19.087614906911835
-0.25027528484172334,-1.0,0.2533731972281288,2.6030394720657406
-1.0,-0.32536038304084847,-1.0,6.6824251394187115
0.07713380859962382,-0.7147353289592635,-0.4689114814107116,0.8915131967979163
1.0,-0.3596426950222207,-1.0,3.712880760669573
-1.0,1.0,-0.8979231824785243,16.098764552358983
-0.3667410481904181,-0.026821635158829293,0.007226119987977508,-0.49686655805918445
-0.3135131996747724,-0.4943811890566374,0.3525748859751969,0.7724901549519215
0.3796248754414011,-0.22946440157655124,-0.3521201538205949,0.9545876581496626
-1.0,-0.7708152325368876,0.6896451613477248,8.190768857898998
-0.7868768421571124,0.5038909933964646,-0.011989074531279842,-2.4251619925342935
-0.062343082610147205,-0.0453763807933143,0.5118840744325965,-0.5847364344437791
0.8686128771428936,-1.0,-0.8323392703701775,-16.327908118973543
-0.964643014079368,-1.0,-1.0,2.713495329199443
0.41617493430088426,0.315287857767119,0.8557889783763997,1.8295714299499886
0.20102301038598047,0.05199230088190099,0.6713720821177167,0.26020775323420825
-0.6225624473953215,-1.0,0.1629218724170598,5.31512793518812
-1.0,0.42153953287955703,-1.0,17.050621574140497
0.2411091394413123,0.5034971081725841,0.04607079005997239,0.12901097335608236
0.33115540593045023,0.6266720749705019,-0.6639180407788028,1.5071114737176112
0.8679115225925631,1.0,1.0,18.29622599604128
0.7705504413714079,0.24422568592312976,-1.0,0.8202041206042232
1.0,-0.4030380716766544,-1.0,3.828951652520886
-0.3825980367125503,0.4024514029547841,1.0,2.6045128112154514
-0.4876245750207,0.23138478370480264,-0.6780173333887138,0.06963320728430367
0.5112119120229637,-0.5885031698101848,1.0,-3.333985421218725
0.63654465948217,0.5243405790109783,1.0,4.7173029667524204
-0.9723375584970178,1.0,-1.0,16.71904751309752
0.0370748811603383,-0.3852640697899674,-0.5730633977642032,0.8799317960195768
0.07752293865637516,0.47654905726875096,-0.415976906936087,-0.5400140257357443
0.6464874879432847,-0.6763983076124753,-0.7722404542284149,-0.8307400542068745
0.3663166836085592,-1.0,-0.007085463141663251,1.3458452249885404
0.8700888128253452,-1.0,-0.16399698322678136,-5.9578114821752655
0.43216272712643256,0.2158853936882088,1.0,0.8531394570122872
1.0,-0.9292337672947693,0.34072541558605707,-3.5975992458369923
0.23545461742533091,-0.8958892316212745,-0.5762677402966203,0.16691940838998703
-0.4719834690473279,1.0,0.8507711452323994,10.58081952146896
0.6688414257383619,-0.09474003913028195,0.6050715235340165,2.0763442884065255
0.11537257336047291,-0.29814129975524284,-0.3075147961832658,1.291846773375472
-0.5072211934680007,0.7000886425038346,-0.07265219541324197,-1.2147008973390934
-1.0,0.3645145823721547,-0.0880786770799209,-3.3867366306178703
0.8405617453998175,0.750362589559405,0.1980575841439598,4.453749702274158
0.16383430981265312,-0.7772127762944243,-0.965736282970866,-8.398912960592043
0.7729512415361319,0.05850269009341824,0.2922747074365295,2.180188107998501
-0.687389354624794,-0.8970946915774638,-0.6877217373396962,0.6438236214747498
0.7474923531500557,-0.14330424410007847,-1.0,-2.082506186822089
-0.2984761822514064,1.0,-0.7291409166527558,6.378502012456567
0.846283945891066,1.0,-0.7005223458809307,16.414669474376115
-0.03310085475601943,-0.7319835201956966,-0.6369286299101957,-0.5479120629220635
0.8511279135743932,-1.0,0.8097490063379005,-3.9473639736489248
0.7053748788127885,0.5689065330344245,-0.916238719416431,0.5782773383760458
1.0,0.8891170656196841,-0.5525778753477606,13.115186309974115
0.59602816223293,-0.7678398606867496,0.05930653829019494,0.5370627411529043
0.3734723752392137,-0.6868134913979376,0.3269527812230222,0.4112618194633244
-0.21363975917154776,-0.2741479324965661,-0.42100641047126586,0.9857624409721242
0.3341233174461804,-0.28100984119574934,-0.8642025239219906,-0.35840876822550916
0.9092197548254142,-0.8118609089295541,0.21628234504549848,0.4282264749031287
1.0,1.0,-0.6321039199927527,23.52317804186058
-0.5175348334882841,-1.0,-0.4672837153885603,1.5048444485242094
0.12249860907049448,1.0,-1.0,4.8601388979297475
-1.0,0.6536186743563035,-0.29048779500631383,1.6211800953977251
0.783509111789918,0.3368682628805273,-1.0,0.5770739439851666
-1.0,1.0,-0.42891526467577035,11.85403946722051
0.29389475913176333,1.0,-1.0,5.639075559387742
0.21758446946696042,0.6383658603233604,0.22043726829180832,1.3163443917192568
-0.06701436065163136,-0.02798645419124246,-0.8584690579781353,-0.3999922371017724
0.08356026176240272,0.3559717115321852,0.7079258651853253,0.048366260367407266
0.5558694458846452,0.3697564812586567,-0.6622221437594089,2.0839154984537442
-0.8746529310873572,-0.2703124397100609,-1.0,4.527562615140351
0.47243514043309576,-0.40917523430246994,-1.0,-4.940452802721249
0.37580877051387485,-0.7759111851297469,-0.014052256610443736,1.6017351393830461
0.6184913448899136,-0.5557536806265435,1.0,-2.9402566318656302
0.2734173273708673,0.7996986926142533,-1.0,-2.8363738534010015
0.1458182505162362,-0.4852955899314293,0.717914533478685,0.1440725177012398
-0.3486725228740757,-1.0,0.39371446394472076,2.4818196503883945
-0.2042130733285441,-0.5522962443559976,0.4621452286801315,0.5382425892128041
1.0,-0.24935911626187646,0.8860676254557853,7.859485781147576
0.8051164368660966,-0.017757195947780247,-0.5396652384656719,1.383261125011791
-1.0,-0.556857524323908,-0.7592191572671054,0.14252657471393748
0.5009186974554827,-0.8737119453143678,-1.0,-13.861302278531241
0.20936606082316733,-1.0,0.271650184473887,1.8485493499868402
1.0,-0.3140464703600787,-0.7637219983108086,6.414794484131988
0.22098643313134958,1.0,1.0,10.800348040956852
0.7690012404510598,0.9114609686190738,-1.0,7.909505108855506
-0.034401172408333736,1.0,1.0,12.334166394592522
-1.0,-0.1786271681694005,0.544461958364602,-2.634226747653771
0.8949179301719854,-1.0,0.8872457692944202,-5.176404374488271
0.48922083805454286,-0.11439986375049904,-0.598852223425302,0.9177217317896126
0.111902387231124,-0.49666619803299006,0.9066676934067555,-2.078179816017827
-0.74004523979929,0.6927611288457336,0.8623629261013841,1.6344612350898218
0.6650842331690521,-1.0,0.15068482121917848,-1.3058748907931312
0.3697404764191643,-0.701758643809165,-0.4067649902752619,1.1288752806626543
0.22354879928500915,0.1417086323171175,-0.7375567228788795,0.5938115266801327
-0.9384308589190056,0.9999369125373871,0.08668391345819004,4.532304023140196
0.03778988244887671,-0.2040661195574125,-0.719133095404419,1.1600723477282542
-1.0,0.8213688097708969,0.3881564910361306,-1.7083596778842258
0.43202549731356865,-1.0,0.43282094790875014,0.04096030416537994
-0.4230681080200336,-0.3954326507042054,-1.0,-3.0329833013056082
-0.1787713294175517,1.0,0.0020216783785442782,7.794713514518562
-0.8634691068380032,-0.5226226913655916,-1.0,3.0533135186026836
1.0,-0.9514313942985289,1.0,-6.440785580593821
-0.1794796121906539,-0.6232868141849908,0.8012057765909573,0.10578242851816222
-1.0,0.19716869447985297,0.21022117582296573,-5.4537175264712845
0.37747619751212347,1.0,1.0,9.475765225165938
-1.0,0.5213796686931855,0.10406671848892723,-3.2438739505299203
1.0,0.22358454009865047,-1.0,10.109275772327257
-1.0,-1.0,0.8650547081349689,18.670715276728032
0.5284202134223754,-1.0,0.9419897099464736,-5.065314660723602
-0.5197130855465035,-1.0,-0.2640001346537102,3.7882097608497554
1.0,-0.27560506835426657,-0.32807243685334897,4.5296798533278695
-0.44929784880326307,0.8598295414175117,0.18834698021105423,2.1348430471966
1.0,0.3265001464082662,0.6545945917291522,10.121806596547453
-1.0,-0.08114361075462173,-0.8690110816789269,4.172196455136759
0.5792557311261493,0.29637769418644844,0.5074325356453384,1.9954954042980155
0.9020739802635116,0.08824302787918681,0.6947147475206101,5.554598769190734
0.17984502831981164,-1.0,0.09729820288518787,1.7310887188863266
-0.8843730502575724,0.8238009044002619,0.9087269341450448,5.016155855445938
-1.0,-0.8232775179854279,0.43182000900453477,6.190640115440232
0.5147990639017059,-0.45906057524200294,1.0,-2.5453314322714027
0.7360292274552969,0.08871072768182109,0.04076587913749319,1.7367602815579781
-0.8042493452659416,0.4119207211668674,-1.0,4.457373017400052
-0.030103859878187977,0.11473622239708159,-0.025608661425895685,0.20971146724545875
-0.3008025608598339,-0.4675367205076639,0.363572167369673,1.0051185169701218
1.0,-0.11127021571247986,0.0030705768829408786,4.379485240167685
0.9072663547282818,0.642465472791709,0.23374536183440076,5.173038491214989
0.5293950865091814,-0.00037318302982325413,-0.8657299948553572,1.5198049604108692
1.0,-0.06487470101406156,-0.40724075748539157,4.510705632069882
-0.06804992980948898,-0.8563263433988848,0.41729126993154764,1.199311864198925
0.7055616498618795,-1.0,0.9124274291453514,-5.278486625415544
-0.4219427132058384,1.0,0.1858444180340424,5.187380831609049
0.04960105879298293,-0.2674411444567111,0.72150141690472,-0.257970342219358
-0.2009560893750444,-0.2043378064550141,-0.2652547032268129,0.898396349769346
-0.8088578764172716,-1.0,1.0,6.732441907114182
-1.0,-0.6981060935036283,1.0,13.548269400101617
0.6528217620425367,0.1478640146915957,0.05946453073059099,1.6640279647846346
0.612420599344563,-0.5857114284971483,-1.0,-8.31851031103558
-0.2753878547652404,-0.7411787208891847,-1.0,-7.413115595270993
0.4167610180759982,0.9982738386237731,-1.0,6.158090337743584
-0.10377513017556805,0.4641307601204674,0.09302232260925103,-0.252933939001701
-0.005869078441721243,0.8485559981332305,0.3439320907938779,2.4569531957445037
0.3406722242038167,-1.0,0.037116579603365896,1.666685112852412
0.004489016374610966,0.7083783767985987,0.15344829821226247,0.33862582164974675
-0.7602295186822416,0.14945587405775052,-0.36569687717193955,-1.5347840488284432
0.3638249617687497,0.9762907871902329,-0.2507511454255873,7.959041192824403
1.0,0.3352265669155843,-0.6980871626054765,6.890219987085289
-0.3902632897681244,0.3101055335524452,0.19955553075471166,-1.1180795501886136
0.3998231321754675,-0.23757966056306534,0.6926441134418597,0.6439150585157023
0.9712456485922374,0.7580260186723025,0.23409090648874753,8.34993903611908
-0.17212766054488493,1.0,0.5610613257300001,8.20912684651008
-0.7022608334287392,0.4804514040118366,-1.0,-0.053734613790886954
1.0,-0.3637942401455978,0.35057118970490087,5.0811903407803625
-0.5908018659436893,1.0,1.0,15.68640754172971
-0.5471570299578559,-0.7507807832436628,-0.9435291561588708,-2.6783035410709495
0.6263983943436677,0.1855479734616563,-0.7339363412819067,1.2191372383176922
-1.0,0.39602425478845027,0.7017899722305341,-3.351925433840315
-0.5426195642893317,-0.010745906593216281,-0.7878379594147524,0.32679076860543244
-0.24711609978639681,-0.16017291711095805,0.7456470567288318,-0.4497358931336337
0.47055658507417397,-0.5952530795391215,-0.6716027912387712,0.15012136327685996
-1.0,-1.0,-0.9104850856500655,2.5842622606183254
0.49609650642859493,0.2932314626327157,-1.0,-2.565872393986224
-0.15129756836766273,0.5481977991032339,0.6659188275027224,0.6489002277566543
-0.04441286159411373,-1.0,-0.5187000421842438,-0.6435438614933948
0.2108216669055123,-0.6511347650779244,-0.14225544514980748,2.1440305509223503
0.20143532809895914,0.037956793530309785,-1.0,-3.767599033117699
0.4887844495835849,-0.19377208431339676,-0.35101295880492667,0.9497711443441502
0.19830809188676723,-0.14943759180344363,-1.0,-3.5007581322567476
-0.15467484750750726,-0.6587867372108962,1.0,-1.0041607650546873
-0.01161783905534941,0.2473964124906185,-0.6217931832710091,-0.11078316982488506
1.0,0.7034468229000799,-0.657168770280343,8.240143079187584
1.0,-0.3588941491676849,0.542923195643308,5.379316120178431
-0.5052611404451866,-1.0,1.0,-2.131151690515
0.9817019899549533,0.46149363077820116,-0.9367176224116527,8.87761211488777
-1.0,0.45302062522499864,-0.16373007688118335,-2.072823639229571
-0.30746296463033684,0.061278390342498934,0.33420541537246073,0.029434676207322763
0.7891685338778329,0.306086838577905,-1.0,0.7584016585010784
0.2092916933250497,-0.24849656649037866,0.697718623416987,0.2916287935391205
-0.8659556409454892,0.39063394671198637,0.6505605233790708,-3.084863052591729
1.0,0.39951505662862163,0.46913011839621555,8.079455386580042
-0.2559185556138719,-1.0,0.7865207896080901,-0.7657316176985625
1.0,-0.7028477958006463,1.0,1.1561575054077258
-1.0,-0.7746564090029227,-0.9525731834195634,3.865384914827872
0.17929400931969552,0.6800650583024526,-0.2691402343804006,1.4110583484082722
-1.0,-0.53982749468789,0.06916948589247651,-0.755796838238546
1.0,-0.03620353987429192,0.6200363819717585,7.447206900461625
-0.29583084977807395,1.0,-0.40313008219073176,7.578934097144985
1.0,-1.0,-0.5142825939289037,-10.977343443575625
0.28137494673360286,0.035313778982684285,-1.0,-3.58735648031387
-0.2897488490954936,0.369504429446025,-1.0,-3.337685094601683
-1.0,1.0,-0.9392604943967429,18.40183221425502
-1.0,0.2693765316398322,-0.7094033521513223,2.7191008540052146
-0.09830904002710428,-0.8609946631524441,-0.07666905741279684,2.257133055047439
0.04909474538813252,-0.04764312262997783,-0.521024139394048,1.1191864789405244
-0.4699008628370911,0.5069848445371243,-1.0,-3.4351559182900884
-1.0,-0.3661939484054033,0.0995733933929388,-3.5565615836455216
0.5995850028261613,0.02984381062535224,0.15830358061727767,2.3964779283046633
0.9048914640758026,0.15056820907852386,-0.13140666569907444,3.8781811664875505
0.08571529121066268,0.45910683916392925,0.5827510306642645,0.04975141639590697
0.8735827792538908,0.6553936538970717,-0.8301885848400645,4.478685251516758
-0.008343944349878507,-0.9994472170649602,-0.6966825262490188,-4.36397212938367
0.29089320822385023,-0.4390799133041612,0.1363306059652747,1.6204399694326366
0.2220611411873057,-0.012843141876466957,-0.537024584081764,0.4960078772791955
0.36936011328991203,0.0941577532323492,-0.4277817073043819,1.960919248860683
0.23018627727165697,0.22058617281002202,0.35273454856238495,0.11395545122296069
0.9005487844718354,-0.7608003005127106,-0.6686002201774324,-0.39595090131211935
0.16411217018662017,-0.394651145441393,1.0,-1.5528140070524223
-0.8284821284095802,1.0,0.10428813898179601,3.9651804304187683
-1.0,-0.7333585982421613,-0.4543055951697055,1.5081525828272024
-0.3636227886298542,-0.29291113805924396,0.4471270648997152,0.3596102102410247
-1.0,1.0,-1.0,21.662430430632444
-0.08806895715919372,0.08240213679970654,0.6777628421549131,-0.6135638488584662
0.17311688829602656,0.5274697055101953,0.9261418403252499,2.677657818775752
-1.0,-1.0,-1.0,2.505099345804561
-0.6003805790685859,0.17370925246730606,-0.022216106280858128,-1.050409438105235
-1.0,1.0,-0.9456960578933307,18.730024368184495
-0.9320281842100926,-0.30376116619474214,-0.6088267844007891,0.64521252850821
0.06988291281792103,0.591555953227453,0.13422430209739722,0.8252401670400584
0.02291937205722494,-1.0,0.08159392660583564,2.242547462831987
-0.07801468517533805,0.14619663973817487,0.11054629348163014,0.6163185445802923
-0.04615344902496421,-0.7311992880782119,1.0,-2.289184967566622
0.989408917529027,-0.7251583054512587,-0.3562138266217445,1.9883976090848547
0.15601257211397468,0.06088007884021529,-1.0,-2.6116581014476603
-0.16479747949892798,0.48026999670045134,0.894544058039968,1.1922971054734222
-0.25647562630136234,-0.6804405269690439,1.0,-0.6040799958994572
0.4262366594577416,0.4195446119911921,-0.06515011038636231,1.2660864247744614
-0.6227133661008055,-1.0,0.07587767994160943,5.134557393872426
1.0,1.0,-0.9352787145159807,35.87530683314706
0.6297255666954249,-0.6352908091741796,1.0,-2.6238923517014023
1.0,0.4482724631400372,-1.0,13.16674167786582
0.7927687485598014,-0.08854642015043401,-0.06518162557066165,1.3632851767654148
1.0,1.0,0.8508665566364138,19.06463989101198
-1.0,-0.9577577608298753,-0.09034371482371717,6.122852269736831
-0.04252807405583825,0.09067586472467837,1.0,0.8138165028798507
-1.0,-0.2195628208146294,0.12909630466132405,-2.8598905299143786
-0.7446751682725326,0.9659893208114354,-0.4064855018942579,3.028536569274616
0.8766151684138448,-1.0,-0.4262214306109606,-7.405390808275578
-0.8668276036716287,-0.8882430368471381,-0.0375174868232353,5.07509918734865
1.0,-0.8605891729960187,-0.32734574592192,-0.8626674410019828
1.0,1.0,-0.7630966707765867,28.753867970031777
-0.12231853479808619,-0.332953558513988,0.6226810126218656,0.4630896943297629
0.41870921117689486,0.6634264787078874,0.23599244763580507,0.8310413313382
-0.36664500247492393,-0.29472957741703953,-0.7521280173265519,-0.07473415006147682
1.0,-0.27960100198403737,-0.28433256773432314,4.343491666187084
0.9438123890387835,0.13583205564240397,-1.0,5.285413924871887
-0.5798063087393985,-0.271110301968853,-0.9959572542432475,-0.23341830527828808
-0.7623688970155116,0.3113210628626091,0.9150534820995897,0.8776909831677911
0.06221239472255413,-0.07835735403781019,-0.019056664450993743,0.9452881698002914
-0.3468219892783888,-0.07777637401237625,-0.4862006871430473,0.9986232837546619
1.0,-1.0,1.0,-9.31763673321997
0.9979176471377105,1.0,-0.11073969264396744,14.805166717926973
-0.4655723218254586,-0.3055337133444418,1.0,1.5196546177892896
-0.029255001829685323,1.0,-1.0,3.5983692647874026
-1.0,-0.05191137287215719,-0.3939442494438745,-2.868299258948046
1.0,0.7680572772701435,1.0,25.832979771962005
0.29131421808279123,-0.5682273587946589,0.7858957101840172,-1.2835291515180671
-1.0,0.8031888611678031,0.1792659019500069,-0.523136074910453
-0.3996695836845152,-0.04488378575356089,0.27978087473577196,-0.6399965832998786
1.0,1.0,0.6700608163208202,14.382069919694382
-1.0,0.6870894732301771,-0.07124215706072756,-0.5934027535006199
0.8443807940120627,-0.31855075126796595,1.0,2.2032321720964827
-0.1457371854820766,-0.5762791089244412,0.11464222098396526,1.1059143350330614
-0.7511129427227636,0.29892255658817857,0.4738773638920357,-2.3062535941825693
-0.15061763335770673,-0.1417507267010305,-1.0,-2.6084450749980634
-0.1276629539180254,-0.343472124438299,1.0,-1.1278238565512955
-0.12406893397684082,-1.0,-0.09805177507950003,2.6007831005186306
1.0,-1.0,-0.8857840843931302,-20.827193666606554
0.29856868512568946,0.350093381515721,0.1353785980211788,1.816320012376777
0.7340752393191854,1.0,-1.0,12.723825614158192
-0.5387489389516131,-0.6856199111694765,-0.45251076324796036,2.469307532434796
-0.324201349430322,1.0,-0.842833265231034,5.1903428974575165
0.4126264711730838,0.7952511042116841,-0.021465189906041182,2.089318851647912
-0.9173980868305311,0.7208647056153072,0.90237895385217,3.2514839730461835
-0.18743095850681746,0.9465433444455575,-0.9074701192171433,2.925489185018211
0.7061095755070528,0.1520483423012997,1.0,2.7697604130657374
0.20329899665338624,-0.4682006672718393,1.0,-1.9439129609703185
-0.27454968368833654,-0.4650896741743684,-0.6443893180081255,1.7058241139822212
0.7025699800638765,0.5291186321013859,1.0,7.337316823951315
-0.13869279098689913,-0.4045661420303919,0.6500509394838001,-0.03489245658681356
-0.0470073322766027,-0.6388949190069302,-1.0,-6.841520405332374
-0.725028749464433,-1.0,-0.27714763193192304,5.451601998971172
0.6064398885411917,-0.15997592987569886,0.75810356061945,0.407296743373073
1.0,-0.2437448092372616,-1.0,5.561187551175218
-0.35920456960777325,-0.7250783032235526,-0.6720706575364721,0.2256669825155686
0.19813463407211862,0.5682726022333164,0.3100833681058539,0.9808842377878155
-0.4361296986835699,0.6023155246011602,-1.0,-3.51278572780764
-1.0,0.38319502162062946,0.2876785138104334,-4.883095839770164
-0.17492840139661547,-0.7385443645818053,-0.9231416176607361,-4.285979176031246
-1.0,-0.8729656104262726,-0.10432819675630589,4.1401898746738315
-1.0,-1.0,1.0,22.300154017237833
-0.19880892651284365,-0.8285062294237955,-0.7690374723331537,-2.0060790677699014
0.4627564471931995,0.8070542145342674,-0.14037781213030254,3.1011776542345717
-0.9233040788067086,-1.0,1.0,14.155893926133809
0.041442534919218676,0.9215940319265898,-0.080230853079436,4.58108726350727
-1.0,-1.0,-0.25895935024716366,6.3655774486051175
1.0,-0.020295272251343643,0.8323949186388955,8.966269271814852
-0.7025440051802114,-0.2157901815404839,1.0,2.566297001973603
1.0,-0.6577928853037966,-0.8467930583079528,3.4556008409712953
0.4658497173465821,-0.781335032137696,-1.0,-10.644668628784194
-0.5103619357189788,-0.4355835626166502,0.3928138757541684,1.2915747553576373
0.4223458759649643,0.4209867536415921,1.0,3.475721907978042
-0.07987341764526179,0.013901789877692972,-0.6144013656551988,0.2588058574725924
-1.0,1.0,0.13576960939615024,6.129120729633911
-0.18217039375379263,-0.3268344762270663,0.6508226530979526,0.5563181058307807
-0.6015370037344194,0.05425162658161309,0.6384269069032948,-0.5350790528159981
0.5833576354160455,-0.9073177904323697,0.08511034496008185,-0.096990612814706
1.0,-0.675907249332282,-1.0,-1.8350606108636764
-0.6623512718084814,0.31441481998397247,-0.9985110349047401,-0.29745361397190384
-0.07740408302779267,0.4783856967499669,1.0,3.2759766500397958
-0.09626727681104597,-0.1550397151420797,0.13820069474676488,0.6786844278541588
-1.0,0.28907827123242025,-0.46496993765356387,-1.4806154097768733
-0.13420413314577062,0.6339083234499094,0.09124104592780435,0.09006984232974558
0.291837098698309,-1.0,-0.16658850073898046,1.982641235080604
-0.1871894398207845,-0.28430346369755655,-0.4303521386086946,1.371339827118009
0.09638996765486407,-0.5607365354466369,-1.0,-6.536808024559058
-1.0,0.30312635185780445,-0.039462048920991366,-4.650033287540727
0.2916607320078721,-0.5587622475021279,-0.6919573034779112,0.43877482319393757
0.4739484566017913,0.6042959137173969,-0.15869938048569687,1.4766317375576339
-0.16563755672213398,0.8029105052502874,-0.0038180746213660743,0.2675382976650029
0.0567621288810749,0.7174714484931559,-1.0,-3.884617253231331
-0.8514916088358373,-0.003915064203143803,-0.1819140771762653,-1.9186325689992263
0.4661295388300204,0.4491495301659547,-1.0,-2.2331313617067234
0.23575557537252556,0.8407161304520183,0.563615895563701,4.053351516154181
0.8925361545246233,1.0,-0.34204886509297494,13.592935161752566
-0.4971961708229804,-0.6723834296784783,-0.3777598187531761,1.7830875545596219
1.0,0.1835618408146884,-1.0,9.939299065401464
0.19932440880765112,-0.46161431532662567,-0.548713581722877,1.0340289395578
-0.23632035424026832,-0.46918004473512354,0.6988015916624832,-0.06353039873205352
-0.19284148932990197,0.45566298226692803,-0.9824712490836711,-3.52174401693493
-0.28737274145045366,-1.0,0.041560329766966886,3.537552762657318
-0.7823095995498242,0.5218860486930925,0.8876541234915107,0.7209414892256976
1.0,1.0,-0.013624677956040054,14.72785282337678
0.6720605662859569,0.9650900766113804,-0.2806304612872772,8.537761570020283
0.7513961641867519,-0.5028877596173118,-0.411434223527392,0.524329720408545
-1.0,0.39540622371432743,-0.31455438583360285,-2.746744090340611
1.0,0.2311481712686232,0.9027502783790722,14.094629446063323
0.9932268084753006,-1.0,1.0,-9.084775671395729
-1.0,0.5474148561445935,0.7105692737711258,-3.9546072273323274
-1.0,0.4056820323429877,0.7325302241079192,-3.2109066037730214
-0.3781034583597189,-1.0,1.0,-4.362207925300257
0.10159489020662305,0.6200283075019635,1.0,4.035053410976267
0.8318883628738822,-1.0,0.9097507386094896,-5.325303635387808
-0.11400344259251449,1.0,0.0505354325331977,7.327970223454589
-0.2179158121146172,0.12654461396721817,1.0,1.1934569803719226
-1.0,-0.2646847888478929,-1.0,8.219872519898386
0.8198407572331354,-0.012178919793764731,-1.0,-0.0713622925224704
-1.0,-1.0,-0.6565910764071634,4.264307424651483
0.9062510064233076,-0.18298505204552096,-0.8353946686904414,4.327159198765984
-1.0,-0.4198846486349548,0.16243601244701944,-2.1270484631366307
-1.0,1.0,-1.0,21.20756366306185
-0.2584066816423807,1.0,0.49209287169705274,6.696140768260862
0.3732325059721071,-1.0,0.9675684231257053,-5.873904512550343
0.4596679531390919,-0.9037283227800752,0.9604358755204538,-3.9622418213269213
-0.7558472600840389,0.6521613191721394,0.8857354689575774,2.4402165648956227
-0.1382367104003197,1.0,0.03443433946978125,7.3250312945583
-0.5834374833287412,-1.0,-0.06540061117218587,3.844409398746845
-0.8904370123602146,0.4890747065726473,0.13152681640371822,-4.226991973528497
0.09422115224357785,-0.611334565024872,0.07198024963053018,1.06498867889355
-1.0,-0.024335892613049026,1.0,4.474893449709831
-1.0,0.3525961003863922,0.33719248838267357,-4.832306491157811
0.8688538984558667,-0.8529997225568504,-0.9668882464436319,-11.327545594455604
0.1880421522290472,0.09224482408222645,-1.0,-3.1299757043389147
0.10192826746549644,0.5486580813275574,1.0,3.2889684243499
0.39558085192109593,0.5710364528744898,1.0,3.838659342379369
1.0,-0.22802147664123273,-1.0,5.680982027177474
-0.6297707557746379,0.5936102405775481,0.11897620020065558,-2.0027404196632124
0.012478785942717563,0.2296196960516379,-1.0,-3.3165753185737623
-0.9352698596002207,0.29516061175676445,-0.3424501934384596,-1.9213091536671458
-0.6855110200006009,0.03641798139378971,0.9081183668035824,1.090237243194337
-1.0,0.6179416062640013,-0.7632663737478371,7.350080473928516
-1.0,-0.8934211725160579,0.766915040363453,13.296027804606604
0.2325015390060432,-0.6269687170670315,-0.4335568812376438,0.7156812141921469
0.5809538238477241,0.6692033880933501,-1.0,-1.3562018586652522
-0.7545996015038747,0.6044880835071762,1.0,5.472165012539699
1.0,-1.0,0.4497855033368703,-7.335813244221349
-0.21070064045651393,1.0,-0.19802061171358543,7.803809398213191
-1.0,0.17163656330985333,-0.6410803528756439,1.1933409689037926
-0.04963639753988036,-1.0,-0.945643474162293,-13.052907931919977
0.12711656809154315,0.8893653988774819,1.0,8.199004502788663
0.1985580032942036,-0.0507887347221645,-0.17250691176088817,1.3603885381521854
0.351335020616212,0.9402020095413346,0.7550844866842594,7.420459163077396
-1.0,-1.0,-1.0,2.9865887401581523
0.17210189667746723,0.18668679924634457,-0.7078152091755459,1.2769949489654642
1.0,-0.4526302362939816,-0.7721983790155269,5.273479998712836
-1.0,-0.12842645364977034,-0.7155660492593081,-0.0699596318610965
-0.4482301076118942,1.0,0.05388487922207963,6.143007120273211
-0.2291897889403114,0.5939580427260613,-0.47643579330554187,-0.000915467723438923
-0.03184563901210047,-1.0,-0.6024925212945811,-1.7182365202271657
-0.0022747038158170696,-1.0,-1.0,-16.203818117084072
0.8613709254294846,0.6518852038828025,-0.5451495439739915,2.7748175962465225
-1.0,-0.0726197969619673,-0.14852248556113223,-4.488985106939846
0.6551540432600047,0.087160325766795,-0.1010294663579947,1.5098885565546816
-0.1688265136441507,-0.34399958505984074,-0.2867875201528973,0.2185367174809031
-0.01415861937066154,-0.7240166493515039,1.0,-2.130112898233285
-1.0,0.5870086489522326,0.37909967303555336,-3.900853878888379
0.8915934016726914,-0.4763382951336088,0.12836398619207556,2.836691151719604
0.7337933972170492,-0.3164653886442841,1.0,-0.20281197512487403
0.8890335644875864,1.0,0.12561605048573976,10.415809518953543
0.864496710569389,1.0,0.31134762866364807,8.852118157724886
-1.0,1.0,0.813519856237704,3.786473739170658
0.2185104429460918,0.8323576931220784,-0.9424127296323617,0.40052208279391566
-1.0,-0.8672830043229434,-0.0950115719657949,4.274942019327505
1.0,-0.5718418081833463,-0.8784244845332199,4.4856353758158525
0.3988180591651018,-0.16188138952340592,-0.20188067200368986,2.0083652736729576
0.595271330710176,1.0,0.6762616832772728,7.638902571663003
-1.0,-0.7956644498191112,-0.06785398259787123,2.373846309617069
0.24004053372163425,-0.08853122989201889,0.16420001536743722,1.0151358227598475
1.0,0.7397976849194616,1.0,26.336696059773995
-0.5286785242495156,-0.4200579437311227,0.25379874470921604,-0.30404186670062805
1.0,0.8511695485045123,-0.44874944832989705,10.303817527572663
-0.06017365425969512,-0.4159973208325116,0.7381389179921349,-0.5171133142611573
-1.0,1.0,0.06358197155538248,7.337907326378903
0.8362456816354114,-0.13570760407389004,0.6723951787358622,3.3841251649252797
1.0,-0.04897695025900006,-0.337421092577203,4.22569185790148
-0.9597259092991337,1.0,1.0,16.427880943685874
0.6062248355519466,-0.6709566449333315,-0.32923999520873704,0.7875352791033752
1.0,1.0,-0.3919263399116404,18.64100897476449
-1.0,0.23631034479752544,1.0,2.635432548977404
0.2880239426411828,-1.0,-1.0,-20.618010303453786
1.0,0.3523052093151897,1.0,19.62808731989443
-1.0,-0.6884739766845125,0.5591289266410517,4.887601915172441
-1.0,-0.043546987943890114,1.0,4.325213999458808
1.0,-0.18682215923102952,-0.22096685042300046,4.515553906921915
-0.0741959663256222,-1.0,-0.02669447495978905,3.4838265020148027
1.0,-1.0,1.0,-10.319969979517023
0.7662339605015149,-0.6792431829248053,1.0,-3.4445567951304437
0.595720202667817,0.21622801921021018,0.03176915198759489,1.5215410500094797
0.1994049627789043,0.33836138762506596,-1.0,-3.543863726190459
-0.049374950381292804,0.0025233522087066973,1.0,0.35459762542468787
0.9887948840289484,0.7526077127726214,-1.0,16.482972937771205
-0.07480042349478655,0.1817944122657511,-0.032249121888697996,0.6790449019493308
-1.0,0.6008128101790438,-0.11888510374898975,-1.197678931205675
0.7341381213673002,1.0,-0.41247565950949205,11.654331940151879
-1.0,1.0,1.0,17.27052095448586
1.0,-0.06088570992650144,-0.5294689620097852,6.169494369544504
-0.7626540926271841,0.6656088819999151,-0.22069885073349282,-2.474632854344174
0.6410560701709984,0.4306954133588612,-0.6423415699112862,1.0654621727788822
-0.997758910363101,0.792966865228518,-1.0,19.91606535244286
0.299468574022244,0.06722212486459234,-0.643441377714195,1.2163183457061901
0.2367978769248149,-0.5156523831575712,-1.0,-6.013994574013758
-1.0,1.0,0.3905761537675334,2.9929735822706025
-0.24834998829496469,0.14125184116563894,0.12170644581177625,-0.9422629798042319
-0.14267880192330806,1.0,1.0,13.905047118387635
-1.0,0.4845132909707415,-0.028318764974899713,-3.586102292279591
-0.2691123334703205,-0.7920679739042691,-0.7557736048088854,-0.6659221822753878
-0.7571398854667248,-0.34641130519789365,0.12875671188415883,0.5785785086406618
0.117090452687586,0.6253842174528057,0.21527354851299996,1.0355646590715695
-0.332336156502709,0.4434559676204062,-0.4755864818662867,-1.256613290804054
-1.0,1.0,0.9765622250974157,14.286762595753677
0.869959014261191,0.6031070665812241,-1.0,4.776481627097701
-1.0,1.0,-0.003105290096941715,8.226087324949702
1.0,0.05242260041259472,-1.0,8.06500614536853
-0.22197293201304902,-0.003682819308569618,-0.7343976838758257,0.8721168874156005
-0.5166852589093027,0.8328721782224229,-1.0,-3.5138998701462048
-0.5050370097709258,-1.0,1.0,-2.46211729692783
1.0,-1.0,-1.0,-28.68405203459642
-0.3514544552303194,0.09983558289152339,1.0,1.7484085863840158
-1.0,0.39876151527796666,-0.8227611732275582,6.225317751528124
0.16633795979968102,-0.12278900568903928,1.0,-0.19314097764766047
0.26510031896214437,-1.0,0.960446759968401,-6.537574588875964
1.0,-1.0,1.0,-8.429568151290947
0.28582305403984853,1.0,0.10022624699409288,8.045138213373503
-0.9773782730508311,0.18827756314377697,-0.5505871711051893,-0.8304186490490629
-0.3108897996483171,1.0,1.0,14.830920481187041
-0.2908000581419077,0.04694404419143616,-0.4923365211995734,0.7264689051941534
1.0,0.5792196045085152,0.1992226058525739,7.956795002915373
0.07589702914951868,-1.0,-0.3475197036873563,0.8837609521590806
0.2578390896062903,-0.34578572899524995,-0.02616542874153427,1.35308482997457
0.22666815146323782,-0.3990827955716021,-1.0,-6.52218127933721
0.8478532777969128,1.0,-0.6528884198277973,15.827686655996489
-0.16375281311137968,0.7500279226883755,0.19259711743673624,1.1662462288562914
1.0,0.7984688444562422,-1.0,18.91929108218165
-0.8245180654614146,0.8926298124636116,0.8037942181305968,2.4769356328034178
-1.0,1.0,0.7498482481688813,2.2909171156114936
-1.0,1.0,0.07419344906430214,7.393570730760928
-0.48101917246604553,0.24379555046972778,0.33002114883810174,-0.5060370933453339
1.0,0.020162766189803172,-0.499186090630761,4.759358335834916
0.12991412238151567,1.0,-1.0,4.814648527709663
-0.8042422741647599,0.6760242122911371,0.637543416152353,-1.666649619847462
0.1892689717731919,0.13234124944205528,-0.12282669587915773,1.010054985451724
0.05196474983792099,-0.5012444094161035,-1.0,-5.7107333454767994
-0.25965258098281696,-0.6053661660150107,0.16455291552741436,0.5183069881674948
-0.1355465402616236,0.5334548130796508,1.0,3.7679354507674914
-0.2182164884814941,-0.07468824125222118,-0.5514983805081457,0.7771408823493429
0.10322472786821635,0.8693972779213404,0.2117724905597349,2.6072895266080782
-0.5797333440761496,-1.0,0.6619239580318514,2.7688743740126154
